✅ Auto commit at Mon Jul  7 06:47:47 UTC 2025
✅ Auto commit at Mon Jul  7 14:42:58 UTC 2025
✅ Auto commit at Tue Jul  8 14:42:49 UTC 2025
✅ Auto commit at Wed Jul  9 14:43:22 UTC 2025
✅ Auto commit at Thu Jul 10 14:45:04 UTC 2025
✅ Auto commit at Fri Jul 11 14:42:54 UTC 2025
✅ Auto commit at Sat Jul 12 14:39:55 UTC 2025
✅ Auto commit at Sun Jul 13 14:39:45 UTC 2025
✅ Auto commit at Mon Jul 14 14:44:51 UTC 2025
✅ Auto commit at Tue Jul 15 14:43:56 UTC 2025
✅ Auto commit at Wed Jul 16 14:44:15 UTC 2025
✅ Auto commit at Thu Jul 17 14:44:21 UTC 2025
✅ Auto commit at Fri Jul 18 14:44:13 UTC 2025
✅ Auto commit at Sat Jul 19 14:40:32 UTC 2025
✅ Auto commit at Sun Jul 20 14:40:54 UTC 2025
✅ Auto commit at Mon Jul 21 14:46:47 UTC 2025
✅ Auto commit at Tue Jul 22 14:44:38 UTC 2025
✅ Auto commit at Wed Jul 23 14:46:31 UTC 2025
✅ Auto commit at Thu Jul 24 14:46:38 UTC 2025
✅ Auto commit at Fri Jul 25 14:44:05 UTC 2025
✅ Auto commit at Sat Jul 26 14:41:30 UTC 2025
✅ Auto commit at Sun Jul 27 14:41:00 UTC 2025
✅ Auto commit at Mon Jul 28 14:47:04 UTC 2025
✅ Auto commit at Tue Jul 29 14:49:41 UTC 2025
✅ Auto commit at Wed Jul 30 14:45:59 UTC 2025
✅ Auto commit at Thu Jul 31 14:46:24 UTC 2025
✅ Auto commit at Fri Aug  1 14:45:48 UTC 2025
✅ Auto commit at Sat Aug  2 14:41:38 UTC 2025
✅ Auto commit at Sun Aug  3 14:41:17 UTC 2025
✅ Auto commit at Mon Aug  4 14:49:49 UTC 2025
✅ Auto commit at Tue Aug  5 14:49:29 UTC 2025
✅ Auto commit at Wed Aug  6 14:49:14 UTC 2025
✅ Auto commit at Thu Aug  7 14:48:02 UTC 2025
✅ Auto commit at Fri Aug  8 14:45:59 UTC 2025
✅ Auto commit at Sat Aug  9 14:40:27 UTC 2025
✅ Auto commit at Sun Aug 10 14:40:25 UTC 2025
✅ Auto commit at Mon Aug 11 14:45:48 UTC 2025
✅ Auto commit at Tue Aug 12 14:43:21 UTC 2025
✅ Auto commit at Wed Aug 13 14:43:52 UTC 2025
✅ Auto commit at Thu Aug 14 14:43:16 UTC 2025
✅ Auto commit at Fri Aug 15 14:42:09 UTC 2025
✅ Auto commit at Sat Aug 16 14:38:29 UTC 2025
✅ Auto commit at Sun Aug 17 14:39:13 UTC 2025
✅ Auto commit at Mon Aug 18 14:44:38 UTC 2025
✅ Auto commit at Tue Aug 19 14:42:03 UTC 2025
✅ Auto commit at Wed Aug 20 14:42:26 UTC 2025
✅ Auto commit at Thu Aug 21 14:42:21 UTC 2025
✅ Auto commit at Fri Aug 22 14:40:15 UTC 2025
✅ Auto commit at Sat Aug 23 14:37:08 UTC 2025
✅ Auto commit at Sun Aug 24 14:37:20 UTC 2025
✅ Auto commit at Mon Aug 25 14:41:56 UTC 2025
✅ Auto commit at Tue Aug 26 14:40:15 UTC 2025
✅ Auto commit at Wed Aug 27 14:40:19 UTC 2025
✅ Auto commit at Thu Aug 28 14:41:19 UTC 2025
✅ Auto commit at Fri Aug 29 14:39:27 UTC 2025
✅ Auto commit at Sat Aug 30 14:35:38 UTC 2025
✅ Auto commit at Sun Aug 31 14:36:02 UTC 2025
✅ Auto commit at Mon Sep  1 14:39:31 UTC 2025
✅ Auto commit at Tue Sep  2 14:41:52 UTC 2025
✅ Auto commit at Wed Sep  3 14:40:09 UTC 2025
✅ Auto commit at Thu Sep  4 14:40:16 UTC 2025
✅ Auto commit at Fri Sep  5 14:38:46 UTC 2025
✅ Auto commit at Sat Sep  6 14:34:22 UTC 2025
✅ Auto commit at Sun Sep  7 14:34:48 UTC 2025
✅ Auto commit at Mon Sep  8 14:41:34 UTC 2025
✅ Auto commit at Tue Sep  9 14:40:24 UTC 2025
✅ Auto commit at Wed Sep 10 14:38:47 UTC 2025
✅ Auto commit at Thu Sep 11 14:38:53 UTC 2025
✅ Auto commit at Fri Sep 12 14:38:37 UTC 2025
✅ Auto commit at Sat Sep 13 14:33:12 UTC 2025
✅ Auto commit at Sun Sep 14 14:34:08 UTC 2025
✅ Auto commit at Mon Sep 15 14:38:09 UTC 2025
✅ Auto commit at Tue Sep 16 14:40:44 UTC 2025
✅ Auto commit at Wed Sep 17 14:39:15 UTC 2025
✅ Auto commit at Thu Sep 18 14:39:32 UTC 2025
✅ Auto commit at Fri Sep 19 14:39:23 UTC 2025
✅ Auto commit at Sat Sep 20 14:35:35 UTC 2025
✅ Auto commit at Sun Sep 21 14:35:11 UTC 2025
✅ Auto commit at Mon Sep 22 14:41:13 UTC 2025
✅ Auto commit at Tue Sep 23 14:40:54 UTC 2025
✅ Auto commit at Wed Sep 24 14:38:57 UTC 2025
✅ Auto commit at Thu Sep 25 14:41:50 UTC 2025
✅ Auto commit at Fri Sep 26 14:39:25 UTC 2025
✅ Auto commit at Sat Sep 27 14:34:55 UTC 2025
✅ Auto commit at Sun Sep 28 14:33:21 UTC 2025
✅ Auto commit at Mon Sep 29 14:40:58 UTC 2025
✅ Auto commit at Tue Sep 30 14:39:08 UTC 2025
✅ Auto commit at Wed Oct  1 14:41:29 UTC 2025
✅ Auto commit at Thu Oct  2 14:39:31 UTC 2025
✅ Auto commit at Fri Oct  3 14:38:40 UTC 2025
✅ Auto commit at Sat Oct  4 14:34:16 UTC 2025
✅ Auto commit at Sun Oct  5 14:34:42 UTC 2025
✅ Auto commit at Mon Oct  6 14:40:29 UTC 2025
✅ Auto commit at Tue Oct  7 14:41:33 UTC 2025
✅ Auto commit at Wed Oct  8 14:41:59 UTC 2025
✅ Auto commit at Thu Oct  9 14:52:59 UTC 2025
✅ Auto commit at Fri Oct 10 14:40:09 UTC 2025
✅ Auto commit at Sat Oct 11 14:33:50 UTC 2025
✅ Auto commit at Sun Oct 12 14:34:42 UTC 2025
✅ Auto commit at Mon Oct 13 14:40:54 UTC 2025
✅ Auto commit at Tue Oct 14 14:42:22 UTC 2025
✅ Auto commit at Wed Oct 15 14:42:59 UTC 2025
✅ Auto commit at Thu Oct 16 14:42:06 UTC 2025
✅ Auto commit at Fri Oct 17 14:40:27 UTC 2025
✅ Auto commit at Sat Oct 18 14:35:35 UTC 2025
✅ Auto commit at Sun Oct 19 14:35:32 UTC 2025
✅ Auto commit at Mon Oct 20 14:40:43 UTC 2025
✅ Auto commit at Tue Oct 21 14:39:15 UTC 2025
✅ Auto commit at Wed Oct 22 14:44:41 UTC 2025
✅ Auto commit at Thu Oct 23 14:42:41 UTC 2025
✅ Auto commit at Fri Oct 24 14:42:13 UTC 2025
✅ Auto commit at Sat Oct 25 14:36:01 UTC 2025
✅ Auto commit at Sun Oct 26 14:36:26 UTC 2025
✅ Auto commit at Mon Oct 27 14:39:58 UTC 2025
✅ Auto commit at Tue Oct 28 14:42:37 UTC 2025
✅ Auto commit at Wed Oct 29 14:43:03 UTC 2025
✅ Auto commit at Thu Oct 30 14:42:28 UTC 2025
✅ Auto commit at Fri Oct 31 14:42:08 UTC 2025
✅ Auto commit at Sat Nov  1 14:35:54 UTC 2025
✅ Auto commit at Sun Nov  2 14:36:00 UTC 2025
✅ Auto commit at Mon Nov  3 14:42:06 UTC 2025
✅ Auto commit at Tue Nov  4 14:42:53 UTC 2025
✅ Auto commit at Wed Nov  5 14:42:50 UTC 2025
✅ Auto commit at Thu Nov  6 14:42:14 UTC 2025
✅ Auto commit at Fri Nov  7 14:40:25 UTC 2025
✅ Auto commit at Sat Nov  8 14:36:07 UTC 2025
✅ Auto commit at Sun Nov  9 14:35:45 UTC 2025
✅ Auto commit at Mon Nov 10 14:42:10 UTC 2025
✅ Auto commit at Tue Nov 11 14:42:06 UTC 2025
✅ Auto commit at Wed Nov 12 14:43:29 UTC 2025
✅ Auto commit at Thu Nov 13 14:38:47 UTC 2025
✅ Auto commit at Fri Nov 14 14:39:27 UTC 2025
✅ Auto commit at Sat Nov 15 14:37:03 UTC 2025
✅ Auto commit at Sun Nov 16 14:36:31 UTC 2025
✅ Auto commit at Mon Nov 17 14:42:34 UTC 2025
✅ Auto commit at Tue Nov 18 14:42:46 UTC 2025
✅ Auto commit at Wed Nov 19 14:42:17 UTC 2025
✅ Auto commit at Thu Nov 20 14:40:24 UTC 2025
✅ Auto commit at Fri Nov 21 14:40:43 UTC 2025
✅ Auto commit at Sat Nov 22 14:36:39 UTC 2025
✅ Auto commit at Sun Nov 23 14:36:48 UTC 2025
✅ Auto commit at Mon Nov 24 14:43:00 UTC 2025
✅ Auto commit at Tue Nov 25 14:43:45 UTC 2025
✅ Auto commit at Wed Nov 26 14:43:08 UTC 2025
✅ Auto commit at Thu Nov 27 14:41:34 UTC 2025
✅ Auto commit at Fri Nov 28 14:40:43 UTC 2025
✅ Auto commit at Sat Nov 29 14:38:00 UTC 2025
✅ Auto commit at Sun Nov 30 14:37:45 UTC 2025
✅ Auto commit at Mon Dec  1 14:45:14 UTC 2025
✅ Auto commit at Tue Dec  2 14:45:51 UTC 2025
✅ Auto commit at Wed Dec  3 14:45:15 UTC 2025
✅ Auto commit at Thu Dec  4 14:45:31 UTC 2025
✅ Auto commit at Fri Dec  5 14:42:45 UTC 2025
✅ Auto commit at Sat Dec  6 14:37:33 UTC 2025
✅ Auto commit at Sun Dec  7 14:38:04 UTC 2025
✅ Auto commit at Mon Dec  8 14:44:42 UTC 2025
✅ Auto commit at Tue Dec  9 14:45:52 UTC 2025
✅ Auto commit at Wed Dec 10 14:46:46 UTC 2025
✅ Auto commit at Thu Dec 11 14:45:43 UTC 2025
✅ Auto commit at Fri Dec 12 14:38:53 UTC 2025
✅ Auto commit at Sat Dec 13 14:38:45 UTC 2025
